{
    "name": "@ohos/utils_native",
    "version": "",
    "description": "C++常用功能扩展公共函数库。",
    "homePage": "https://gitee.com/openharmony",
    "license": "Apache V2",
    "repository": "https://gitee.com/openharmony/utils_native",
    "domain": "os",
    "language": "",
    "publishAs": "code-segment",
    "private": false,
    "scripts": {},
    "tags": [
        "utils"
    ],
    "keywords": [
        "utils",
        "native"
    ],
    "envs": [],
    "dirs": [],
    "author": {
        "name": "",
        "email": "",
        "url": ""
    },
    "contributors": [
        {
            "name": "",
            "email": "",
            "url": ""
        }
    ],
    "segment": {
        "destPath": "utils/native"
    },
    "component": {
        "name": "utils_cpp_base",
        "subsystem": "native",
        "syscap": [],
        "features": [],
        "adapted_system_type": [
            "standard"
        ],
        "rom": "",
        "ram": "",
        "deps": {
            "components": [],
            "third_party": []
        },
        "build": {
            "sub_component": [],
            "inner_kits": [],
            "test": []
        }
    }
}