{
    "name": "@ohos/build",
    "version": "",
    "description": "编译构建提供了一个在GN与ninja基础上的编译构建框架。支持以下功能：\r\n构建不同芯片平台的产品。如：Hi3518EV300平台的ipcamera产品，Hi3516DV300平台的ipcamera产品，Hi3861平台的wifi模组产品。构建HPM包管理配置生成的自定义产品。",
    "homePage": "https://gitee.com/openharmony",
    "license": "Apache V2",
    "repository": "https://gitee.com/openharmony/build",
    "domain": "os",
    "language": "",
    "publishAs": "code-segment",
    "private": false,
    "scripts": {},
    "tags": [
        "build"
    ],
    "keywords": [
        "build"
    ],
    "envs": [],
    "dirs": [],
    "author": {
        "name": "",
        "email": "",
        "url": ""
    },
    "contributors": [
        {
            "name": "",
            "email": "",
            "url": ""
        }
    ],
    "segment": {
        "destPath": "build"
    },
    "component": {
        "name": "build",
        "subsystem": "",
        "syscap": [],
        "features": [],
        "adapted_system_type": [
            "mini",
            "small",
            "standard"
        ],
        "rom": "",
        "ram": "",
        "deps": {
            "components": [],
            "third_party": []
        },
        "build": {
            "sub_component": [],
            "inner_kits": [],
            "test": []
        }
    }
}